"case_id","kpi_group","characteristic_count","criterion_count","skipped","skip_reason"
"acc_csc_001","safe_distance_consistency","3","1","False",""
"acc_csc_001","TTC","3","1","False",""
"acc_csc_001","comfort_deceleration","2","1","False",""
"acc_csc_001","emergency_deceleration","2","1","False",""
"acc_csc_001","jerk_limit","2","1","False",""
"acc_csc_001","no_collision_distance","2","1","False",""
"acc_csc_001","collision_flag_and_impact_speed","3","2","False",""
"acc_csc_001","driver_reaction_reference","0","0","True","SKIPPED_NO_SIGNAL: driver_reaction_reference is a constant reference value (metric), not measurable from simulation."
"acc_csc_002","safe_distance_consistency","3","1","False",""
"acc_csc_002","TTC","3","1","False",""
"acc_csc_002","comfort_deceleration","2","1","False",""
"acc_csc_002","emergency_deceleration","2","1","False",""
"acc_csc_002","jerk_limit","2","1","False",""
"acc_csc_002","no_collision_distance","2","1","False",""
"acc_csc_002","collision_flag_and_impact_speed","3","2","False",""
"acc_csc_002","driver_reaction_reference","0","0","True","SKIPPED_NO_SIGNAL: driver_reaction_reference is a constant reference value (metric), not measurable from simulation."
"acc_csc_003","safe_distance_consistency","3","1","False",""
"acc_csc_003","TTC","3","1","False",""
"acc_csc_003","comfort_deceleration","2","1","False",""
"acc_csc_003","emergency_deceleration","2","1","False",""
"acc_csc_003","jerk_limit","2","1","False",""
"acc_csc_003","no_collision_distance","2","1","False",""
"acc_csc_003","collision_flag_and_impact_speed","3","2","False",""
"acc_csc_003","driver_reaction_reference","0","0","True","SKIPPED_NO_SIGNAL: driver_reaction_reference is a constant reference value (metric), not measurable from simulation."
"acc_csc_004","safe_distance_consistency","3","1","False",""
"acc_csc_004","TTC","3","1","False",""
"acc_csc_004","comfort_deceleration","2","1","False",""
"acc_csc_004","emergency_deceleration","2","1","False",""
"acc_csc_004","jerk_limit","2","1","False",""
"acc_csc_004","no_collision_distance","2","1","False",""
"acc_csc_004","collision_flag_and_impact_speed","3","2","False",""
"acc_csc_004","driver_reaction_reference","0","0","True","SKIPPED_NO_SIGNAL: driver_reaction_reference is a constant reference value (metric), not measurable from simulation."
"acc_csc_005","safe_distance_consistency","3","1","False",""
"acc_csc_005","TTC","3","1","False",""
"acc_csc_005","comfort_deceleration","2","1","False",""
"acc_csc_005","emergency_deceleration","2","1","False",""
"acc_csc_005","jerk_limit","2","1","False",""
"acc_csc_005","no_collision_distance","2","1","False",""
"acc_csc_005","collision_flag_and_impact_speed","3","2","False",""
"acc_csc_005","driver_reaction_reference","0","0","True","SKIPPED_NO_SIGNAL: driver_reaction_reference is a constant reference value (metric), not measurable from simulation."
"acc_csc_006","safe_distance_consistency","3","1","False",""
"acc_csc_006","TTC","3","1","False",""
"acc_csc_006","comfort_deceleration","2","1","False",""
"acc_csc_006","emergency_deceleration","2","1","False",""
"acc_csc_006","jerk_limit","2","1","False",""
"acc_csc_006","no_collision_distance","2","1","False",""
"acc_csc_006","collision_flag_and_impact_speed","3","2","False",""
"acc_csc_006","driver_reaction_reference","0","0","True","SKIPPED_NO_SIGNAL: driver_reaction_reference is a constant reference value (metric), not measurable from simulation."
"acc_csc_007","safe_distance_consistency","3","1","False",""
"acc_csc_007","TTC","3","1","False",""
"acc_csc_007","comfort_deceleration","2","1","False",""
"acc_csc_007","emergency_deceleration","2","1","False",""
"acc_csc_007","jerk_limit","2","1","False",""
"acc_csc_007","no_collision_distance","2","1","False",""
"acc_csc_007","collision_flag_and_impact_speed","3","2","False",""
"acc_csc_007","driver_reaction_reference","0","0","True","SKIPPED_NO_SIGNAL: driver_reaction_reference is a constant reference value (metric), not measurable from simulation."
"acc_csc_008","safe_distance_consistency","3","1","False",""
"acc_csc_008","TTC","3","1","False",""
"acc_csc_008","comfort_deceleration","2","1","False",""
"acc_csc_008","emergency_deceleration","2","1","False",""
"acc_csc_008","jerk_limit","2","1","False",""
"acc_csc_008","no_collision_distance","2","1","False",""
"acc_csc_008","collision_flag_and_impact_speed","3","2","False",""
"acc_csc_008","driver_reaction_reference","0","0","True","SKIPPED_NO_SIGNAL: driver_reaction_reference is a constant reference value (metric), not measurable from simulation."
"acc_csc_009","safe_distance_consistency","3","1","False",""
"acc_csc_009","TTC","3","1","False",""
"acc_csc_009","comfort_deceleration","2","1","False",""
"acc_csc_009","emergency_deceleration","2","1","False",""
"acc_csc_009","jerk_limit","2","1","False",""
"acc_csc_009","no_collision_distance","2","1","False",""
"acc_csc_009","collision_flag_and_impact_speed","3","2","False",""
"acc_csc_009","driver_reaction_reference","0","0","True","SKIPPED_NO_SIGNAL: driver_reaction_reference is a constant reference value (metric), not measurable from simulation."
"acc_csc_010","safe_distance_consistency","3","1","False",""
"acc_csc_010","TTC","3","1","False",""
"acc_csc_010","comfort_deceleration","2","1","False",""
"acc_csc_010","emergency_deceleration","2","1","False",""
"acc_csc_010","jerk_limit","2","1","False",""
"acc_csc_010","no_collision_distance","2","1","False",""
"acc_csc_010","collision_flag_and_impact_speed","3","2","False",""
"acc_csc_010","driver_reaction_reference","0","0","True","SKIPPED_NO_SIGNAL: driver_reaction_reference is a constant reference value (metric), not measurable from simulation."
"acc_csc_011","safe_distance_consistency","3","1","False",""
"acc_csc_011","TTC","3","1","False",""
"acc_csc_011","comfort_deceleration","2","1","False",""
"acc_csc_011","emergency_deceleration","2","1","False",""
"acc_csc_011","jerk_limit","2","1","False",""
"acc_csc_011","no_collision_distance","2","1","False",""
"acc_csc_011","collision_flag_and_impact_speed","3","2","False",""
"acc_csc_011","driver_reaction_reference","0","0","True","SKIPPED_NO_SIGNAL: driver_reaction_reference is a constant reference value (metric), not measurable from simulation."
"acc_csc_012","safe_distance_consistency","3","1","False",""
"acc_csc_012","TTC","3","1","False",""
"acc_csc_012","comfort_deceleration","2","1","False",""
"acc_csc_012","emergency_deceleration","2","1","False",""
"acc_csc_012","jerk_limit","2","1","False",""
"acc_csc_012","no_collision_distance","2","1","False",""
"acc_csc_012","collision_flag_and_impact_speed","3","2","False",""
"acc_csc_012","driver_reaction_reference","0","0","True","SKIPPED_NO_SIGNAL: driver_reaction_reference is a constant reference value (metric), not measurable from simulation."
"acc_csc_013","safe_distance_consistency","3","1","False",""
"acc_csc_013","TTC","3","1","False",""
"acc_csc_013","comfort_deceleration","2","1","False",""
"acc_csc_013","emergency_deceleration","2","1","False",""
"acc_csc_013","jerk_limit","2","1","False",""
"acc_csc_013","no_collision_distance","2","1","False",""
"acc_csc_013","collision_flag_and_impact_speed","3","2","False",""
"acc_csc_013","driver_reaction_reference","0","0","True","SKIPPED_NO_SIGNAL: driver_reaction_reference is a constant reference value (metric), not measurable from simulation."
"acc_csc_014","safe_distance_consistency","3","1","False",""
"acc_csc_014","TTC","3","1","False",""
"acc_csc_014","comfort_deceleration","2","1","False",""
"acc_csc_014","emergency_deceleration","2","1","False",""
"acc_csc_014","jerk_limit","2","1","False",""
"acc_csc_014","no_collision_distance","2","1","False",""
"acc_csc_014","collision_flag_and_impact_speed","3","2","False",""
"acc_csc_014","driver_reaction_reference","0","0","True","SKIPPED_NO_SIGNAL: driver_reaction_reference is a constant reference value (metric), not measurable from simulation."
"acc_csc_015","safe_distance_consistency","3","1","False",""
"acc_csc_015","TTC","3","1","False",""
"acc_csc_015","comfort_deceleration","2","1","False",""
"acc_csc_015","emergency_deceleration","2","1","False",""
"acc_csc_015","jerk_limit","2","1","False",""
"acc_csc_015","no_collision_distance","2","1","False",""
"acc_csc_015","collision_flag_and_impact_speed","3","2","False",""
"acc_csc_015","driver_reaction_reference","0","0","True","SKIPPED_NO_SIGNAL: driver_reaction_reference is a constant reference value (metric), not measurable from simulation."
"acc_csc_016","safe_distance_consistency","3","1","False",""
"acc_csc_016","TTC","3","1","False",""
"acc_csc_016","comfort_deceleration","2","1","False",""
"acc_csc_016","emergency_deceleration","2","1","False",""
"acc_csc_016","jerk_limit","2","1","False",""
"acc_csc_016","no_collision_distance","2","1","False",""
"acc_csc_016","collision_flag_and_impact_speed","3","2","False",""
"acc_csc_016","driver_reaction_reference","0","0","True","SKIPPED_NO_SIGNAL: driver_reaction_reference is a constant reference value (metric), not measurable from simulation."
"acc_csc_017","safe_distance_consistency","3","1","False",""
"acc_csc_017","TTC","3","1","False",""
"acc_csc_017","comfort_deceleration","2","1","False",""
"acc_csc_017","emergency_deceleration","2","1","False",""
"acc_csc_017","jerk_limit","2","1","False",""
"acc_csc_017","no_collision_distance","2","1","False",""
"acc_csc_017","collision_flag_and_impact_speed","3","2","False",""
"acc_csc_017","driver_reaction_reference","0","0","True","SKIPPED_NO_SIGNAL: driver_reaction_reference is a constant reference value (metric), not measurable from simulation."
"acc_csc_018","safe_distance_consistency","3","1","False",""
"acc_csc_018","TTC","3","1","False",""
"acc_csc_018","comfort_deceleration","2","1","False",""
"acc_csc_018","emergency_deceleration","2","1","False",""
"acc_csc_018","jerk_limit","2","1","False",""
"acc_csc_018","no_collision_distance","2","1","False",""
"acc_csc_018","collision_flag_and_impact_speed","3","2","False",""
"acc_csc_018","driver_reaction_reference","0","0","True","SKIPPED_NO_SIGNAL: driver_reaction_reference is a constant reference value (metric), not measurable from simulation."
"acc_csc_019","safe_distance_consistency","3","1","False",""
"acc_csc_019","TTC","3","1","False",""
"acc_csc_019","comfort_deceleration","2","1","False",""
"acc_csc_019","emergency_deceleration","2","1","False",""
"acc_csc_019","jerk_limit","2","1","False",""
"acc_csc_019","no_collision_distance","2","1","False",""
"acc_csc_019","collision_flag_and_impact_speed","3","2","False",""
"acc_csc_019","driver_reaction_reference","0","0","True","SKIPPED_NO_SIGNAL: driver_reaction_reference is a constant reference value (metric), not measurable from simulation."
